time(s);category;event;details
10;COMM;STATE_CHANGE;nil->Receiver
5540;COMM;STATE_CHANGE;Receiver->Re/Tr
5970;COMM;STATE_CHANGE;Re/Tr->Receiver
10940;SECURITY;COMM_VIOLATION;enforcing_COM_T_ON;count#1
10950;COMM;STATE_CHANGE;Receiver->Re/Tr
10960;COMM;STATE_CHANGE;Re/Tr->Receiver
10960;SECURITY;COMM_VIOLATION;enforcing_COM_T_ON;count#2
10970;COMM;STATE_CHANGE;Receiver->Re/Tr
10980;COMM;STATE_CHANGE;Re/Tr->Receiver
10980;SECURITY;COMM_VIOLATION;enforcing_COM_T_ON;count#3
10990;COMM;STATE_CHANGE;Receiver->Re/Tr
11000;COMM;STATE_CHANGE;Re/Tr->Receiver
11000;SECURITY;COMM_VIOLATION;enforcing_COM_T_ON;count#4
11010;COMM;STATE_CHANGE;Receiver->Re/Tr
11020;COMM;STATE_CHANGE;Re/Tr->Receiver
11020;SECURITY;COMM_VIOLATION;enforcing_COM_T_ON;count#5
11030;COMM;STATE_CHANGE;Receiver->Re/Tr
11040;COMM;STATE_CHANGE;Re/Tr->Receiver
11040;SECURITY;COMM_VIOLATION;enforcing_COM_T_ON;count#6
11050;COMM;STATE_CHANGE;Receiver->Re/Tr
11060;COMM;STATE_CHANGE;Re/Tr->Receiver
11060;SECURITY;COMM_VIOLATION;enforcing_COM_T_ON;count#7
11070;COMM;STATE_CHANGE;Receiver->Re/Tr
11690;COMM;STATE_CHANGE;Re/Tr->Receiver
11690;SECURITY;COMM_VIOLATION;enforcing_COM_T_ON;count#8
11700;COMM;STATE_CHANGE;Receiver->Re/Tr
11710;COMM;STATE_CHANGE;Re/Tr->Receiver
11710;SECURITY;COMM_VIOLATION;enforcing_COM_T_ON;count#9
11720;COMM;STATE_CHANGE;Receiver->Re/Tr
11730;COMM;STATE_CHANGE;Re/Tr->Receiver
11730;SECURITY;COMM_VIOLATION;enforcing_COM_T_ON;count#10
11740;COMM;STATE_CHANGE;Receiver->Re/Tr
11750;COMM;STATE_CHANGE;Re/Tr->Receiver
11750;SECURITY;COMM_VIOLATION;enforcing_COM_T_ON;count#11
11760;COMM;STATE_CHANGE;Receiver->Re/Tr
11770;COMM;STATE_CHANGE;Re/Tr->Receiver
11770;SECURITY;COMM_VIOLATION;enforcing_COM_T_ON;count#12
11780;COMM;STATE_CHANGE;Receiver->Re/Tr
11790;COMM;STATE_CHANGE;Re/Tr->Receiver
11790;SECURITY;COMM_VIOLATION;enforcing_COM_T_ON;count#13
11800;COMM;STATE_CHANGE;Receiver->Re/Tr
11810;COMM;STATE_CHANGE;Re/Tr->Receiver
11810;SECURITY;COMM_VIOLATION;enforcing_COM_T_ON;count#14
11820;COMM;STATE_CHANGE;Receiver->Re/Tr
11830;COMM;STATE_CHANGE;Re/Tr->Receiver
11830;SECURITY;COMM_VIOLATION;enforcing_COM_T_ON;count#15
11840;COMM;STATE_CHANGE;Receiver->Re/Tr
11850;COMM;STATE_CHANGE;Re/Tr->Receiver
11850;SECURITY;COMM_VIOLATION;enforcing_COM_T_ON;count#16
11860;COMM;STATE_CHANGE;Receiver->Re/Tr
11870;COMM;STATE_CHANGE;Re/Tr->Receiver
11870;SECURITY;COMM_VIOLATION;enforcing_COM_T_ON;count#17
11880;COMM;STATE_CHANGE;Receiver->Re/Tr
11890;COMM;STATE_CHANGE;Re/Tr->Receiver
11890;SECURITY;COMM_VIOLATION;enforcing_COM_T_ON;count#18
11900;COMM;STATE_CHANGE;Receiver->Re/Tr
11910;COMM;STATE_CHANGE;Re/Tr->Receiver
11910;SECURITY;COMM_VIOLATION;enforcing_COM_T_ON;count#19
11920;COMM;STATE_CHANGE;Receiver->Re/Tr
11930;COMM;STATE_CHANGE;Re/Tr->Receiver
11930;SECURITY;COMM_VIOLATION;enforcing_COM_T_ON;count#20
11940;COMM;STATE_CHANGE;Receiver->Re/Tr
11950;COMM;STATE_CHANGE;Re/Tr->Receiver
16710;SECURITY;COMM_VIOLATION;enforcing_COM_T_ON;count#21
16720;COMM;STATE_CHANGE;Receiver->Re/Tr
16730;COMM;STATE_CHANGE;Re/Tr->Receiver
16730;SECURITY;COMM_VIOLATION;enforcing_COM_T_ON;count#22
16740;COMM;STATE_CHANGE;Receiver->Re/Tr
16750;COMM;STATE_CHANGE;Re/Tr->Receiver
16750;SECURITY;COMM_VIOLATION;enforcing_COM_T_ON;count#23
16760;COMM;STATE_CHANGE;Receiver->Re/Tr
16770;COMM;STATE_CHANGE;Re/Tr->Receiver
16770;SECURITY;COMM_VIOLATION;enforcing_COM_T_ON;count#24
16780;COMM;STATE_CHANGE;Receiver->Re/Tr
16790;COMM;STATE_CHANGE;Re/Tr->Receiver
16790;SECURITY;COMM_VIOLATION;enforcing_COM_T_ON;count#25
16800;COMM;STATE_CHANGE;Receiver->Re/Tr
16810;COMM;STATE_CHANGE;Re/Tr->Receiver
16810;SECURITY;COMM_VIOLATION;enforcing_COM_T_ON;count#26
16820;COMM;STATE_CHANGE;Receiver->Re/Tr
16830;COMM;STATE_CHANGE;Re/Tr->Receiver
16830;SECURITY;COMM_VIOLATION;enforcing_COM_T_ON;count#27
16840;COMM;STATE_CHANGE;Receiver->Re/Tr
16850;COMM;STATE_CHANGE;Re/Tr->Receiver
16850;SECURITY;COMM_VIOLATION;enforcing_COM_T_ON;count#28
16860;COMM;STATE_CHANGE;Receiver->Re/Tr
16870;COMM;STATE_CHANGE;Re/Tr->Receiver
16870;SECURITY;COMM_VIOLATION;enforcing_COM_T_ON;count#29
16880;COMM;STATE_CHANGE;Receiver->Re/Tr
16890;COMM;STATE_CHANGE;Re/Tr->Receiver
16890;SECURITY;COMM_VIOLATION;enforcing_COM_T_ON;count#30
16900;COMM;STATE_CHANGE;Receiver->Re/Tr
16910;COMM;STATE_CHANGE;Re/Tr->Receiver
16910;SECURITY;COMM_VIOLATION;enforcing_COM_T_ON;count#31
16920;COMM;STATE_CHANGE;Receiver->Re/Tr
16930;COMM;STATE_CHANGE;Re/Tr->Receiver
16930;SECURITY;COMM_VIOLATION;enforcing_COM_T_ON;count#32
16940;COMM;STATE_CHANGE;Receiver->Re/Tr
16950;COMM;STATE_CHANGE;Re/Tr->Receiver
16950;SECURITY;COMM_VIOLATION;enforcing_COM_T_ON;count#33
16960;COMM;STATE_CHANGE;Receiver->Re/Tr
16970;COMM;STATE_CHANGE;Re/Tr->Receiver
16970;SECURITY;COMM_VIOLATION;enforcing_COM_T_ON;count#34
16980;COMM;STATE_CHANGE;Receiver->Re/Tr
16990;COMM;STATE_CHANGE;Re/Tr->Receiver
16990;SECURITY;COMM_VIOLATION;enforcing_COM_T_ON;count#35
17000;COMM;STATE_CHANGE;Receiver->Re/Tr
17010;COMM;STATE_CHANGE;Re/Tr->Receiver
17010;SECURITY;COMM_VIOLATION;enforcing_COM_T_ON;count#36
17020;COMM;STATE_CHANGE;Receiver->Re/Tr
17030;COMM;STATE_CHANGE;Re/Tr->Receiver
17030;SECURITY;COMM_VIOLATION;enforcing_COM_T_ON;count#37
17040;COMM;STATE_CHANGE;Receiver->Re/Tr
17050;COMM;STATE_CHANGE;Re/Tr->Receiver
17050;SECURITY;COMM_VIOLATION;enforcing_COM_T_ON;count#38
17060;COMM;STATE_CHANGE;Receiver->Re/Tr
17070;COMM;STATE_CHANGE;Re/Tr->Receiver
17070;SECURITY;COMM_VIOLATION;enforcing_COM_T_ON;count#39
17080;COMM;STATE_CHANGE;Receiver->Re/Tr
17090;COMM;STATE_CHANGE;Re/Tr->Receiver
17240;SECURITY;COMM_VIOLATION;enforcing_COM_T_ON;count#40
17250;COMM;STATE_CHANGE;Receiver->Re/Tr
17260;COMM;STATE_CHANGE;Re/Tr->Receiver
17260;SECURITY;COMM_VIOLATION;enforcing_COM_T_ON;count#41
17270;COMM;STATE_CHANGE;Receiver->Re/Tr
17280;COMM;STATE_CHANGE;Re/Tr->Receiver
17280;SECURITY;COMM_VIOLATION;enforcing_COM_T_ON;count#42
17290;COMM;STATE_CHANGE;Receiver->Re/Tr
17300;COMM;STATE_CHANGE;Re/Tr->Receiver
17300;SECURITY;COMM_VIOLATION;enforcing_COM_T_ON;count#43
17310;COMM;STATE_CHANGE;Receiver->Re/Tr
17320;COMM;STATE_CHANGE;Re/Tr->Receiver
17320;SECURITY;COMM_VIOLATION;enforcing_COM_T_ON;count#44
17330;COMM;STATE_CHANGE;Receiver->Re/Tr
17340;COMM;STATE_CHANGE;Re/Tr->Receiver
17340;SECURITY;COMM_VIOLATION;enforcing_COM_T_ON;count#45
17350;COMM;STATE_CHANGE;Receiver->Re/Tr
17360;COMM;STATE_CHANGE;Re/Tr->Receiver
17360;SECURITY;COMM_VIOLATION;enforcing_COM_T_ON;count#46
17370;COMM;STATE_CHANGE;Receiver->Re/Tr
17380;COMM;STATE_CHANGE;Re/Tr->Receiver
17380;SECURITY;COMM_VIOLATION;enforcing_COM_T_ON;count#47
17390;COMM;STATE_CHANGE;Receiver->Re/Tr
17400;COMM;STATE_CHANGE;Re/Tr->Receiver
17400;SECURITY;COMM_VIOLATION;enforcing_COM_T_ON;count#48
17410;COMM;STATE_CHANGE;Receiver->Re/Tr
17420;COMM;STATE_CHANGE;Re/Tr->Receiver
17420;SECURITY;COMM_VIOLATION;enforcing_COM_T_ON;count#49
17430;COMM;STATE_CHANGE;Receiver->Re/Tr
17440;COMM;STATE_CHANGE;Re/Tr->Receiver
17440;SECURITY;COMM_VIOLATION;enforcing_COM_T_ON;count#50
17450;COMM;STATE_CHANGE;Receiver->Re/Tr
17460;COMM;STATE_CHANGE;Re/Tr->Receiver
17460;SECURITY;COMM_VIOLATION;enforcing_COM_T_ON;count#51
17470;COMM;STATE_CHANGE;Receiver->Re/Tr
17480;COMM;STATE_CHANGE;Re/Tr->Receiver
17480;SECURITY;COMM_VIOLATION;enforcing_COM_T_ON;count#52
17490;COMM;STATE_CHANGE;Receiver->Re/Tr
17500;COMM;STATE_CHANGE;Re/Tr->Receiver
17500;SECURITY;COMM_VIOLATION;enforcing_COM_T_ON;count#53
17510;COMM;STATE_CHANGE;Receiver->Re/Tr
17520;COMM;STATE_CHANGE;Re/Tr->Receiver
17520;SECURITY;COMM_VIOLATION;enforcing_COM_T_ON;count#54
17530;COMM;STATE_CHANGE;Receiver->Re/Tr
17540;COMM;STATE_CHANGE;Re/Tr->Receiver
17540;SECURITY;COMM_VIOLATION;enforcing_COM_T_ON;count#55
17550;COMM;STATE_CHANGE;Receiver->Re/Tr
17560;COMM;STATE_CHANGE;Re/Tr->Receiver
17560;SECURITY;COMM_VIOLATION;enforcing_COM_T_ON;count#56
17570;COMM;STATE_CHANGE;Receiver->Re/Tr
17580;COMM;STATE_CHANGE;Re/Tr->Receiver
17580;SECURITY;COMM_VIOLATION;enforcing_COM_T_ON;count#57
17590;COMM;STATE_CHANGE;Receiver->Re/Tr
17600;COMM;STATE_CHANGE;Re/Tr->Receiver
17600;SECURITY;COMM_VIOLATION;enforcing_COM_T_ON;count#58
17610;COMM;STATE_CHANGE;Receiver->Re/Tr
17620;COMM;STATE_CHANGE;Re/Tr->Receiver
49150;COMM;STATE_CHANGE;Receiver->Re/Tr
49660;COMM;STATE_CHANGE;Re/Tr->Receiver
49660;SECURITY;COMM_VIOLATION;enforcing_COM_T_ON;count#59
49670;COMM;STATE_CHANGE;Receiver->Re/Tr
49680;COMM;STATE_CHANGE;Re/Tr->Receiver
49680;SECURITY;COMM_VIOLATION;enforcing_COM_T_ON;count#60
49690;COMM;STATE_CHANGE;Receiver->Re/Tr
49700;COMM;STATE_CHANGE;Re/Tr->Receiver
49700;SECURITY;COMM_VIOLATION;enforcing_COM_T_ON;count#61
49710;COMM;STATE_CHANGE;Receiver->Re/Tr
49720;COMM;STATE_CHANGE;Re/Tr->Receiver
49720;SECURITY;COMM_VIOLATION;enforcing_COM_T_ON;count#62
49730;COMM;STATE_CHANGE;Receiver->Re/Tr
49740;COMM;STATE_CHANGE;Re/Tr->Receiver
49740;SECURITY;COMM_VIOLATION;enforcing_COM_T_ON;count#63
49750;COMM;STATE_CHANGE;Receiver->Re/Tr
49760;COMM;STATE_CHANGE;Re/Tr->Receiver
49760;SECURITY;COMM_VIOLATION;enforcing_COM_T_ON;count#64
49770;COMM;STATE_CHANGE;Receiver->Re/Tr
49780;COMM;STATE_CHANGE;Re/Tr->Receiver
49780;SECURITY;COMM_VIOLATION;enforcing_COM_T_ON;count#65
49790;COMM;STATE_CHANGE;Receiver->Re/Tr
49800;COMM;STATE_CHANGE;Re/Tr->Receiver
49800;SECURITY;COMM_VIOLATION;enforcing_COM_T_ON;count#66
49810;COMM;STATE_CHANGE;Receiver->Re/Tr
49820;COMM;STATE_CHANGE;Re/Tr->Receiver
49820;SECURITY;COMM_VIOLATION;enforcing_COM_T_ON;count#67
49830;COMM;STATE_CHANGE;Receiver->Re/Tr
49840;COMM;STATE_CHANGE;Re/Tr->Receiver
49840;SECURITY;COMM_VIOLATION;enforcing_COM_T_ON;count#68
49850;COMM;STATE_CHANGE;Receiver->Re/Tr
49860;COMM;STATE_CHANGE;Re/Tr->Receiver
49860;SECURITY;COMM_VIOLATION;enforcing_COM_T_ON;count#69
49870;COMM;STATE_CHANGE;Receiver->Re/Tr
49880;COMM;STATE_CHANGE;Re/Tr->Receiver
49880;SECURITY;COMM_VIOLATION;enforcing_COM_T_ON;count#70
49890;COMM;STATE_CHANGE;Receiver->Re/Tr
49900;COMM;STATE_CHANGE;Re/Tr->Receiver
54800;SECURITY;COMM_VIOLATION;enforcing_COM_T_ON;count#71
54810;COMM;STATE_CHANGE;Receiver->Re/Tr
54820;COMM;STATE_CHANGE;Re/Tr->Receiver
54820;SECURITY;COMM_VIOLATION;enforcing_COM_T_ON;count#72
54830;COMM;STATE_CHANGE;Receiver->Re/Tr
54840;COMM;STATE_CHANGE;Re/Tr->Receiver
54840;SECURITY;COMM_VIOLATION;enforcing_COM_T_ON;count#73
54850;COMM;STATE_CHANGE;Receiver->Re/Tr
54860;COMM;STATE_CHANGE;Re/Tr->Receiver
54860;SECURITY;COMM_VIOLATION;enforcing_COM_T_ON;count#74
54870;COMM;STATE_CHANGE;Receiver->Re/Tr
54880;COMM;STATE_CHANGE;Re/Tr->Receiver
54880;SECURITY;COMM_VIOLATION;enforcing_COM_T_ON;count#75
54890;COMM;STATE_CHANGE;Receiver->Re/Tr
54900;COMM;STATE_CHANGE;Re/Tr->Receiver
54900;SECURITY;COMM_VIOLATION;enforcing_COM_T_ON;count#76
54910;COMM;STATE_CHANGE;Receiver->Re/Tr
54920;COMM;STATE_CHANGE;Re/Tr->Receiver
54920;SECURITY;COMM_VIOLATION;enforcing_COM_T_ON;count#77
54930;COMM;STATE_CHANGE;Receiver->Re/Tr
54940;COMM;STATE_CHANGE;Re/Tr->Receiver
54940;SECURITY;COMM_VIOLATION;enforcing_COM_T_ON;count#78
54950;COMM;STATE_CHANGE;Receiver->Re/Tr
54960;COMM;STATE_CHANGE;Re/Tr->Receiver
54960;SECURITY;COMM_VIOLATION;enforcing_COM_T_ON;count#79
54970;COMM;STATE_CHANGE;Receiver->Re/Tr
54980;COMM;STATE_CHANGE;Re/Tr->Receiver
54980;SECURITY;COMM_VIOLATION;enforcing_COM_T_ON;count#80
54990;COMM;STATE_CHANGE;Receiver->Re/Tr
55590;COMM;STATE_CHANGE;Re/Tr->Receiver
55590;SECURITY;COMM_VIOLATION;enforcing_COM_T_ON;count#81
55600;COMM;STATE_CHANGE;Receiver->Re/Tr
55610;COMM;STATE_CHANGE;Re/Tr->Receiver
55610;SECURITY;COMM_VIOLATION;enforcing_COM_T_ON;count#82
55620;COMM;STATE_CHANGE;Receiver->Re/Tr
55630;COMM;STATE_CHANGE;Re/Tr->Receiver
55630;SECURITY;COMM_VIOLATION;enforcing_COM_T_ON;count#83
55640;COMM;STATE_CHANGE;Receiver->Re/Tr
55650;COMM;STATE_CHANGE;Re/Tr->Receiver
55650;SECURITY;COMM_VIOLATION;enforcing_COM_T_ON;count#84
55660;COMM;STATE_CHANGE;Receiver->Re/Tr
55670;COMM;STATE_CHANGE;Re/Tr->Receiver
55670;SECURITY;COMM_VIOLATION;enforcing_COM_T_ON;count#85
55680;COMM;STATE_CHANGE;Receiver->Re/Tr
55690;COMM;STATE_CHANGE;Re/Tr->Receiver
55690;SECURITY;COMM_VIOLATION;enforcing_COM_T_ON;count#86
55700;COMM;STATE_CHANGE;Receiver->Re/Tr
55710;COMM;STATE_CHANGE;Re/Tr->Receiver
55710;SECURITY;COMM_VIOLATION;enforcing_COM_T_ON;count#87
55720;COMM;STATE_CHANGE;Receiver->Re/Tr
55730;COMM;STATE_CHANGE;Re/Tr->Receiver
55730;SECURITY;COMM_VIOLATION;enforcing_COM_T_ON;count#88
55740;COMM;STATE_CHANGE;Receiver->Re/Tr
55750;COMM;STATE_CHANGE;Re/Tr->Receiver
55750;SECURITY;COMM_VIOLATION;enforcing_COM_T_ON;count#89
55760;COMM;STATE_CHANGE;Receiver->Re/Tr
55770;COMM;STATE_CHANGE;Re/Tr->Receiver
60540;SECURITY;COMM_VIOLATION;enforcing_COM_T_ON;count#90
60550;COMM;STATE_CHANGE;Receiver->Re/Tr
60560;COMM;STATE_CHANGE;Re/Tr->Receiver
60560;SECURITY;COMM_VIOLATION;enforcing_COM_T_ON;count#91
60570;COMM;STATE_CHANGE;Receiver->Re/Tr
60580;COMM;STATE_CHANGE;Re/Tr->Receiver
60580;SECURITY;COMM_VIOLATION;enforcing_COM_T_ON;count#92
60590;COMM;STATE_CHANGE;Receiver->Re/Tr
60600;COMM;STATE_CHANGE;Re/Tr->Receiver
60600;SECURITY;COMM_VIOLATION;enforcing_COM_T_ON;count#93
60610;COMM;STATE_CHANGE;Receiver->Re/Tr
60620;COMM;STATE_CHANGE;Re/Tr->Receiver
60620;SECURITY;COMM_VIOLATION;enforcing_COM_T_ON;count#94
60630;COMM;STATE_CHANGE;Receiver->Re/Tr
60640;COMM;STATE_CHANGE;Re/Tr->Receiver
60640;SECURITY;COMM_VIOLATION;enforcing_COM_T_ON;count#95
60650;COMM;STATE_CHANGE;Receiver->Re/Tr
60660;COMM;STATE_CHANGE;Re/Tr->Receiver
60660;SECURITY;COMM_VIOLATION;enforcing_COM_T_ON;count#96
60670;COMM;STATE_CHANGE;Receiver->Re/Tr
60680;COMM;STATE_CHANGE;Re/Tr->Receiver
60680;SECURITY;COMM_VIOLATION;enforcing_COM_T_ON;count#97
60690;COMM;STATE_CHANGE;Receiver->Re/Tr
60700;COMM;STATE_CHANGE;Re/Tr->Receiver
60700;SECURITY;COMM_VIOLATION;enforcing_COM_T_ON;count#98
60710;COMM;STATE_CHANGE;Receiver->Re/Tr
60720;COMM;STATE_CHANGE;Re/Tr->Receiver
60720;SECURITY;COMM_VIOLATION;enforcing_COM_T_ON;count#99
60730;COMM;STATE_CHANGE;Receiver->Re/Tr
60740;COMM;STATE_CHANGE;Re/Tr->Receiver
60740;SECURITY;COMM_VIOLATION;enforcing_COM_T_ON;count#100
60750;COMM;STATE_CHANGE;Receiver->Re/Tr
60760;COMM;STATE_CHANGE;Re/Tr->Receiver
60760;SECURITY;COMM_VIOLATION;enforcing_COM_T_ON;count#101
60770;COMM;STATE_CHANGE;Receiver->Re/Tr
60780;COMM;STATE_CHANGE;Re/Tr->Receiver
60780;SECURITY;COMM_VIOLATION;enforcing_COM_T_ON;count#102
60790;COMM;STATE_CHANGE;Receiver->Re/Tr
60800;COMM;STATE_CHANGE;Re/Tr->Receiver
60800;SECURITY;COMM_VIOLATION;enforcing_COM_T_ON;count#103
60810;COMM;STATE_CHANGE;Receiver->Re/Tr
60820;COMM;STATE_CHANGE;Re/Tr->Receiver
60820;SECURITY;COMM_VIOLATION;enforcing_COM_T_ON;count#104
60830;COMM;STATE_CHANGE;Receiver->Re/Tr
60840;COMM;STATE_CHANGE;Re/Tr->Receiver
60840;SECURITY;COMM_VIOLATION;enforcing_COM_T_ON;count#105
60850;COMM;STATE_CHANGE;Receiver->Re/Tr
60860;COMM;STATE_CHANGE;Re/Tr->Receiver
60860;SECURITY;COMM_VIOLATION;enforcing_COM_T_ON;count#106
60870;COMM;STATE_CHANGE;Receiver->Re/Tr
60880;COMM;STATE_CHANGE;Re/Tr->Receiver
60880;SECURITY;COMM_VIOLATION;enforcing_COM_T_ON;count#107
60890;COMM;STATE_CHANGE;Receiver->Re/Tr
60900;COMM;STATE_CHANGE;Re/Tr->Receiver
60900;SECURITY;COMM_VIOLATION;enforcing_COM_T_ON;count#108
60910;COMM;STATE_CHANGE;Receiver->Re/Tr
60920;COMM;STATE_CHANGE;Re/Tr->Receiver
60920;SECURITY;COMM_VIOLATION;enforcing_COM_T_ON;count#109
60930;COMM;STATE_CHANGE;Receiver->Re/Tr
60940;COMM;STATE_CHANGE;Re/Tr->Receiver
